[{"id":"user-image-953810.png","publicUrl":"np://user.desktop.nicepage.com/Site_64452210/images/953810.png","size":4660,"hash":"IIGNEZ3RR2SETFlEeUSgCU3SBgo=","fileName":"953810.png","name":"953810","width":128,"height":128,"thumbnail":{"url":"np://user.desktop.nicepage.com/Site_64452210/images/thumbnails/953810.png","width":128,"height":128,"length":4660,"type":"png"},"folderId":null,"originalUrl":"//images01.nicepagecdn.com/c461c07a441a5d220e8feb1a/e1fa080ab8e75bd7b9530788/953810.png","usages":["787510418"]},{"id":"user-image-126509.png","publicUrl":"np://user.desktop.nicepage.com/Site_64452210/images/126509.png","size":3646,"hash":"An57dv4Miv4QCVhLeSqd3a0zfpI=","fileName":"126509.png","name":"126509","width":128,"height":128,"thumbnail":{"url":"np://user.desktop.nicepage.com/Site_64452210/images/thumbnails/126509.png","width":128,"height":128,"length":3646,"type":"png"},"folderId":null,"originalUrl":"//images01.nicepagecdn.com/c461c07a441a5d220e8feb1a/b8d6d1d0416250f491b4e382/126509.png","usages":["787510418"]},{"id":"user-image-2838912.png","publicUrl":"np://user.desktop.nicepage.com/Site_64452210/images/2838912.png","size":3309,"hash":"h7/HH/0ZvnQq2pA81c0JVoTZC3o=","fileName":"2838912.png","name":"2838912","width":128,"height":128,"thumbnail":{"url":"np://user.desktop.nicepage.com/Site_64452210/images/thumbnails/2838912.png","width":128,"height":128,"length":3309,"type":"png"},"folderId":null,"originalUrl":"//images01.nicepagecdn.com/c461c07a441a5d220e8feb1a/2a887ebcd4e254be83f2068a/2838912.png","usages":["787510418"]},{"id":"user-image-hh5.jpg","publicUrl":"np://user.desktop.nicepage.com/Site_64452210/images/hh5.jpg","size":107490,"hash":"M7ieyE+9akeavcADA9myEpdhSzA=","fileName":"hh5.jpg","name":"hh5","width":759,"height":759,"thumbnail":{"url":"np://user.desktop.nicepage.com/Site_64452210/images/thumbnails/hh5.jpg","width":250,"height":250},"folderId":null,"originalUrl":"//images01.nicepagecdn.com/c461c07a441a5d220e8feb1a/f10e8c5f2cb85dd5a19cb472/hh5.jpg","usages":["787510418"]},{"id":"user-image-fgfg.jpg","publicUrl":"np://user.desktop.nicepage.com/Site_64452210/images/fgfg.jpg","size":186432,"hash":"tB3VQchwJOl7nEAgfh5Y311z5Mw=","fileName":"fgfg.jpg","name":"fgfg","width":898,"height":898,"thumbnail":{"url":"np://user.desktop.nicepage.com/Site_64452210/images/thumbnails/fgfg.jpg","width":250,"height":250},"folderId":null,"originalUrl":"//images01.nicepagecdn.com/c461c07a441a5d220e8feb1a/e2e39f17cead5a36875282db/fgfg.jpg","usages":["787510418"]},{"id":"user-image-hg5.jpg","publicUrl":"np://user.desktop.nicepage.com/Site_64452210/images/hg5.jpg","size":100583,"hash":"k0D0VUoQrp/HUYWy/IxCokngG3w=","fileName":"hg5.jpg","name":"hg5","width":1380,"height":920,"thumbnail":{"url":"np://user.desktop.nicepage.com/Site_64452210/images/thumbnails/hg5.jpg","width":250,"height":167},"folderId":null,"originalUrl":"//images01.nicepagecdn.com/c461c07a441a5d220e8feb1a/fe37bff253c75c9baa6e6a46/hg5.jpg","usages":["787510418"]},{"id":"user-image-6677.jpg","publicUrl":"np://user.desktop.nicepage.com/Site_64452210/images/6677.jpg","size":219739,"hash":"nATlaVg/do56ziEJSBzEAvbfHVw=","fileName":"6677.jpg","name":"6677","width":1055,"height":704,"thumbnail":{"url":"np://user.desktop.nicepage.com/Site_64452210/images/thumbnails/6677.jpg","width":250,"height":167},"folderId":null,"originalUrl":"//images01.nicepagecdn.com/c461c07a441a5d220e8feb1a/9494497afaee57bb8664499a/6677.jpg","usages":["787510418"]},{"id":"user-image-sony-logo.svg","publicUrl":"np://user.desktop.nicepage.com/Site_64452210/images/sony-logo.svg","size":2770,"hash":"mI6WpsDJYEehTZQ6Yp8k4pkQ8uQ=","fileName":"sony-logo.svg","name":"sony-logo","width":2500,"height":448,"thumbnail":{"url":"np://user.desktop.nicepage.com/Site_64452210/images/sony-logo.svg","width":250,"height":45},"folderId":null,"originalUrl":"//images01.nicepagecdn.com/c461c07a441a5d220e8feb1a/fd4ece42119f51ca87c2bbeb/sony-logo.svg","usages":["787510418"]},{"id":"user-image-tesla-9.svg","publicUrl":"np://user.desktop.nicepage.com/Site_64452210/images/tesla-9.svg","size":1275,"hash":"ozx4T4aGyP6aT/x5InchzuwiUEk=","fileName":"tesla-9.svg","name":"tesla-9","width":2500,"height":326,"thumbnail":{"url":"np://user.desktop.nicepage.com/Site_64452210/images/tesla-9.svg","width":250,"height":33},"folderId":null,"originalUrl":"//images01.nicepagecdn.com/c461c07a441a5d220e8feb1a/b88bf2b6798c5483a79b3bc6/tesla-9.svg","usages":["787510418"]},{"id":"user-image-evga.svg","publicUrl":"np://user.desktop.nicepage.com/Site_64452210/images/evga.svg","size":2836,"hash":"/LscUJbIrC/kB1s5L+t7IP0iX00=","fileName":"evga.svg","name":"evga","width":2500,"height":523,"thumbnail":{"url":"np://user.desktop.nicepage.com/Site_64452210/images/evga.svg","width":250,"height":52},"folderId":null,"originalUrl":"//images01.nicepagecdn.com/c461c07a441a5d220e8feb1a/16dceaaca47153d9b01ce7f6/evga.svg","usages":["787510418"]},{"id":"user-image-1.svg","publicUrl":"np://user.desktop.nicepage.com/Site_64452210/images/1.svg","size":6556,"hash":"gOVawoWNDddm+stQNlD/SJPlGPY=","fileName":"1.svg","name":"1","width":2500,"height":752,"thumbnail":{"url":"np://user.desktop.nicepage.com/Site_64452210/images/1.svg","width":250,"height":75},"folderId":null,"originalUrl":"//images01.nicepagecdn.com/c461c07a441a5d220e8feb1a/d31506595cff5d9f89d800f7/1.svg","usages":["787510418"]},{"id":"user-image-fgfggggg.jpg","publicUrl":"np://user.desktop.nicepage.com/Site_64452210/images/fgfggggg.jpg","size":63020,"hash":"ooLYeosrWd3TzzlbyhDMt/GROds=","fileName":"fgfggggg.jpg","name":"fgfggggg","width":1349,"height":1080,"thumbnail":{"url":"np://user.desktop.nicepage.com/Site_64452210/images/thumbnails/fgfggggg.jpg","width":250,"height":200},"folderId":null,"originalUrl":"//images01.nicepagecdn.com/c461c07a441a5d220e8feb1a/42f7a2ee20d45a1eb4ad5eb1/fgfggggg.jpg","usages":["787510418"]},{"id":"user-image-logo-amazon.svg","publicUrl":"np://user.desktop.nicepage.com/Site_64452210/images/logo-amazon.svg","size":3828,"hash":"Zl8GugKEPb+YIM+FIaTCMYbcy2M=","fileName":"logo-amazon.svg","name":"logo-amazon","width":2500,"height":752,"thumbnail":{"url":"np://user.desktop.nicepage.com/Site_64452210/images/logo-amazon.svg","width":250,"height":75},"folderId":null,"originalUrl":"//images01.nicepagecdn.com/c461c07a441a5d220e8feb1a/efde1b9a3ebd522fab3e8827/logo-amazon.svg","usages":["787510418"]},{"id":"user-image-hghhy.jpg","publicUrl":"np://user.desktop.nicepage.com/Site_64452210/images/hghhy.jpg","size":32173,"hash":"DTevZzFXDl6ShUj58OKnBXdT49c=","fileName":"hghhy.jpg","name":"hghhy","width":1980,"height":1320,"thumbnail":{"url":"np://user.desktop.nicepage.com/Site_64452210/images/thumbnails/hghhy.jpg","width":250,"height":167},"folderId":null,"originalUrl":"//images01.nicepagecdn.com/c461c07a441a5d220e8feb1a/f8ab9531161a5a48ba9f33a8/hghhy.jpg","usages":["787510418"]},{"id":"user-image-fgfggf-min.jpg","publicUrl":"np://user.desktop.nicepage.com/Site_64452210/images/fgfggf-min.jpg","size":251483,"hash":"fIhgL8gMIL95rkd3O2pWKhbTHfA=","fileName":"fgfggf-min.jpg","name":"fgfggf-min","width":1896,"height":1080,"thumbnail":{"url":"np://user.desktop.nicepage.com/Site_64452210/images/thumbnails/fgfggf-min.jpg","width":250,"height":142},"folderId":null,"originalUrl":"//images01.nicepagecdn.com/c461c07a441a5d220e8feb1a/722aa5216d3c5059a0a299de/fgfggf-min.jpg","usages":["787510418"]},{"id":"user-image-pexels-photo-9867161.jpeg","publicUrl":"np://user.desktop.nicepage.com/Site_64452210/images/pexels-photo-9867161.jpeg","size":88866,"hash":"LE7FGOCIHHRWfmSvSmrLVvnmTcI=","fileName":"pexels-photo-9867161.jpeg","name":"pexels-photo-9867161","width":1000,"height":1500,"thumbnail":{"url":"np://user.desktop.nicepage.com/Site_64452210/images/thumbnails/pexels-photo-9867161.jpeg","width":167,"height":250},"folderId":null,"originalUrl":"//images01.nicepagecdn.com/a1389d7bc73adea1e1c1fb7e/3dae7e39431c52e799018bb6/pexels-photo-9867161.jpeg","usages":["787510418"]},{"id":"user-image-pexels-photo-5141074.jpeg","publicUrl":"np://user.desktop.nicepage.com/Site_64452210/images/pexels-photo-5141074.jpeg","size":70204,"hash":"nI5Eih88c90jmsoSgb5soOMxJG4=","fileName":"pexels-photo-5141074.jpeg","name":"pexels-photo-5141074","width":980,"height":1500,"thumbnail":{"url":"np://user.desktop.nicepage.com/Site_64452210/images/thumbnails/pexels-photo-5141074.jpeg","width":163,"height":250},"folderId":null,"originalUrl":"//images02.nicepagecdn.com/a1389d7bc73adea1e1c1fb7e/ea78d2245c955eaba54a5702/pexels-photo-5141074.jpeg?version=","usages":["787510418"]},{"id":"user-image-pexels-photo-9787579.jpeg","publicUrl":"np://user.desktop.nicepage.com/Site_64452210/images/pexels-photo-9787579.jpeg","size":54666,"hash":"Ki3rVKlZYpjUPc/oQ8Hu8Faz6E4=","fileName":"pexels-photo-9787579.jpeg","name":"pexels-photo-9787579","width":512,"height":750,"thumbnail":{"url":"np://user.desktop.nicepage.com/Site_64452210/images/thumbnails/pexels-photo-9787579.jpeg","width":171,"height":250},"folderId":null,"originalUrl":"//images01.nicepagecdn.com/a1389d7bc73adea1e1c1fb7e/8ee196c29f605c2ba607f750/pexels-photo-9787579.jpeg","usages":["787510418"]},{"id":"user-image-pexels-photo-2989724.jpeg","publicUrl":"np://user.desktop.nicepage.com/Site_64452210/images/pexels-photo-2989724.jpeg","size":55182,"hash":"vtDigZN01QHUL4eS8sTnk44PG8Y=","fileName":"pexels-photo-2989724.jpeg","name":"pexels-photo-2989724","width":1260,"height":698,"thumbnail":{"url":"np://user.desktop.nicepage.com/Site_64452210/images/thumbnails/pexels-photo-2989724.jpeg","width":250,"height":138},"folderId":null,"originalUrl":"//images02.nicepagecdn.com/a1389d7bc73adea1e1c1fb7e/22a6a6dad5ca522c96fc9b62/pexels-photo-2989724.jpeg?version=","usages":["787510418"]},{"id":"user-image-pexels-photo-4576085.jpeg","publicUrl":"np://user.desktop.nicepage.com/Site_64452210/images/pexels-photo-4576085.jpeg","size":92032,"hash":"icAo63ofmLvuEWQ6a2NYGl3e0dU=","fileName":"pexels-photo-4576085.jpeg","name":"pexels-photo-4576085","width":864,"height":1080,"thumbnail":{"url":"np://user.desktop.nicepage.com/Site_64452210/images/thumbnails/pexels-photo-4576085.jpeg","width":200,"height":250},"folderId":null,"originalUrl":"//images02.nicepagecdn.com/a1389d7bc73adea1e1c1fb7e/6e77b088add750adb748c9e4/pexels-photo-4576085.jpeg?version=","usages":["787510418"]},{"id":"user-image-pexels-photo-9821204.jpeg","publicUrl":"np://user.desktop.nicepage.com/Site_64452210/images/pexels-photo-9821204.jpeg","size":73144,"hash":"wQrfZP/vYLikJ50SW9ffjHK71K8=","fileName":"pexels-photo-9821204.jpeg","name":"pexels-photo-9821204","width":1000,"height":1500,"thumbnail":{"url":"np://user.desktop.nicepage.com/Site_64452210/images/thumbnails/pexels-photo-9821204.jpeg","width":167,"height":250},"folderId":null,"originalUrl":"//images01.nicepagecdn.com/a1389d7bc73adea1e1c1fb7e/502e4bcf1d4f579b94d1e793/pexels-photo-9821204.jpeg","usages":["787510418"]},{"id":"user-image-trt4.jpg","publicUrl":"np://user.desktop.nicepage.com/Site_64452210/images/trt4.jpg","size":74307,"hash":"33FdCWNSeb3zRq6xi6JAXZGch3s=","fileName":"trt4.jpg","name":"trt4","width":444,"height":444,"thumbnail":{"url":"np://user.desktop.nicepage.com/Site_64452210/images/thumbnails/trt4.jpg","width":250,"height":250},"folderId":null,"originalUrl":"//images01.nicepagecdn.com/c461c07a441a5d220e8feb1a/d7d30cbc0cd9533fbfbdbc45/trt4.jpg","usages":["787510418"]},{"id":"user-image-7.jpg","publicUrl":"np://user.desktop.nicepage.com/Site_64452210/images/7.jpg","size":58536,"hash":"PWHxHu2/w/5620Jq3p4lGQxmcxc=","fileName":"7.jpg","name":"7","width":444,"height":444,"thumbnail":{"url":"np://user.desktop.nicepage.com/Site_64452210/images/thumbnails/7.jpg","width":250,"height":250},"folderId":null,"originalUrl":"//images01.nicepagecdn.com/c461c07a441a5d220e8feb1a/0692b70c3ed750439d2fcaeb/7.jpg","usages":["787510418"]},{"id":"user-image-ui.jpg","publicUrl":"np://user.desktop.nicepage.com/Site_64452210/images/ui.jpg","size":42147,"hash":"pM6XvCVzhQLxdUfh3FXcSG8aaQ8=","fileName":"ui.jpg","name":"ui","width":444,"height":444,"thumbnail":{"url":"np://user.desktop.nicepage.com/Site_64452210/images/thumbnails/ui.jpg","width":250,"height":250},"folderId":null,"originalUrl":"//images01.nicepagecdn.com/c461c07a441a5d220e8feb1a/2829e0920a9c51c18a247f37/ui.jpg","usages":["787510418"]},{"id":"user-image-4.jpg","publicUrl":"np://user.desktop.nicepage.com/Site_64452210/images/4.jpg","size":58402,"hash":"6RlQooku9SBabx/GKVU3EzIBbeI=","fileName":"4.jpg","name":"4","width":444,"height":444,"thumbnail":{"url":"np://user.desktop.nicepage.com/Site_64452210/images/thumbnails/4.jpg","width":250,"height":250},"folderId":null,"originalUrl":"//images01.nicepagecdn.com/c461c07a441a5d220e8feb1a/eb79ad23d4d45a95a2a89100/4.jpg","usages":["787510418"]},{"id":"user-image-jhjh5.jpg","publicUrl":"np://user.desktop.nicepage.com/Site_64452210/images/jhjh5.jpg","size":26898,"hash":"2wP0496rDx3u0PWZFt3bFIqKg1I=","fileName":"jhjh5.jpg","name":"jhjh5","width":310,"height":310,"thumbnail":{"url":"np://user.desktop.nicepage.com/Site_64452210/images/thumbnails/jhjh5.jpg","width":250,"height":250},"folderId":null,"originalUrl":"//images01.nicepagecdn.com/c461c07a441a5d220e8feb1a/42e00f44576258d48183655f/jhjh5.jpg","usages":["787510418"]},{"id":"user-image--min.jpg","publicUrl":"np://user.desktop.nicepage.com/Site_64452210/images/-min.jpg","size":148923,"hash":"fx+6cHZAoOtUrXQgs9MtbDBjHoo=","fileName":"-min.jpg","name":"-min","width":1620,"height":1080,"thumbnail":{"url":"np://user.desktop.nicepage.com/Site_64452210/images/thumbnails/-min.jpg","width":250,"height":167},"folderId":null,"originalUrl":"//images01.nicepagecdn.com/c461c07a441a5d220e8feb1a/3ab515973cd65e0da7578c30/-min.jpg","usages":["787510418"]}]