[{"id":161813389,"title":"Blog Template","order":1,"templateKey":"blog","customTemplate":false,"customTemplateFilename":null,"pageLinks":[],"dateCreated":"2024-02-15T18:02:26.919Z","dateUpdated":"2024-02-15T18:02:28.888Z","folderId":null,"pageName":"Blog Template","serverPageId":null,"sectionCount":1,"status":2,"backwardUrl":null},{"id":787201325,"title":"Post Template","order":2,"templateKey":"post","customTemplate":false,"customTemplateFilename":null,"pageLinks":[],"dateCreated":"2024-02-15T18:02:27.168Z","dateUpdated":"2024-02-15T18:02:28.888Z","folderId":null,"pageName":"Post Template","serverPageId":null,"sectionCount":1,"status":2,"backwardUrl":null},{"id":3011310500,"title":"Product List Template","order":3,"templateKey":"products","customTemplate":false,"customTemplateFilename":null,"pageLinks":[],"dateCreated":"2024-02-15T18:02:27.370Z","dateUpdated":"2024-02-15T18:02:28.888Z","folderId":null,"pageName":"Product List Template","serverPageId":null,"sectionCount":1,"status":2,"backwardUrl":null},{"id":52267762,"title":"Product Details Template","order":4,"templateKey":"product","customTemplate":false,"customTemplateFilename":null,"pageLinks":[],"dateCreated":"2024-02-15T18:02:27.589Z","dateUpdated":"2024-02-15T18:02:28.889Z","folderId":null,"pageName":"Product Details Template","serverPageId":null,"sectionCount":1,"status":2,"backwardUrl":null},{"id":564006924,"title":"Shopping Cart Template","order":5,"templateKey":"cart","customTemplate":false,"customTemplateFilename":null,"pageLinks":[],"dateCreated":"2024-02-15T18:02:27.768Z","dateUpdated":"2024-02-15T18:02:28.889Z","folderId":null,"pageName":"Shopping Cart Template","serverPageId":null,"sectionCount":1,"status":2,"backwardUrl":null},{"id":91570733,"title":"Checkout Template","order":6,"templateKey":"checkout","customTemplate":false,"customTemplateFilename":null,"pageLinks":[],"dateCreated":"2024-02-15T18:02:27.990Z","dateUpdated":"2024-02-15T18:02:28.889Z","folderId":null,"pageName":"Checkout Template","serverPageId":null,"sectionCount":1,"status":2,"backwardUrl":null},{"id":13823675,"title":"Login Template","order":7,"templateKey":"login","customTemplate":false,"customTemplateFilename":null,"pageLinks":[],"dateCreated":"2024-02-15T18:02:28.118Z","dateUpdated":"2024-02-15T18:02:28.889Z","folderId":null,"pageName":"Login Template","serverPageId":null,"sectionCount":1,"status":2,"backwardUrl":null},{"id":156922232,"title":"Page Password Template","order":8,"templateKey":"password","customTemplate":false,"customTemplateFilename":null,"pageLinks":[],"dateCreated":"2024-02-15T18:02:28.215Z","dateUpdated":"2024-02-15T18:02:28.889Z","folderId":null,"pageName":"Page Password Template","serverPageId":null,"sectionCount":1,"status":2,"backwardUrl":null},{"id":35416801,"title":"404 Not Found Template","order":9,"templateKey":"404","customTemplate":false,"customTemplateFilename":null,"pageLinks":[],"dateCreated":"2024-02-15T18:02:28.305Z","dateUpdated":"2024-02-15T18:02:28.889Z","folderId":null,"pageName":"404 Not Found Template","serverPageId":null,"sectionCount":1,"status":2,"backwardUrl":null},{"id":232303790,"title":"Thank You Page Template","order":10,"templateKey":"ThankYou","customTemplate":false,"customTemplateFilename":null,"pageLinks":[],"dateCreated":"2024-02-15T18:02:28.383Z","dateUpdated":"2024-02-15T18:02:28.889Z","folderId":null,"pageName":"Thank You Page Template","serverPageId":null,"sectionCount":1,"status":2,"backwardUrl":null},{"id":216144636,"title":"Home","order":50,"templateKey":null,"customTemplate":false,"customTemplateFilename":null,"pageLinks":[],"dateCreated":"2024-02-15T18:02:29.480Z","dateUpdated":"2024-02-15T18:22:03.142Z","folderId":null,"pageName":"Home_216144636","serverPageId":null,"sectionCount":1,"status":2,"backwardUrl":null},{"id":180074538,"title":"About","order":100,"templateKey":null,"customTemplate":false,"customTemplateFilename":null,"pageLinks":[],"dateCreated":"2024-02-15T18:02:28.448Z","dateUpdated":"2024-02-15T18:02:28.889Z","folderId":null,"pageName":"About_180074538","serverPageId":null,"sectionCount":1,"status":2,"backwardUrl":null},{"id":1339515148,"title":"Contact","order":101,"templateKey":null,"customTemplate":false,"customTemplateFilename":null,"pageLinks":[],"dateCreated":"2024-02-15T18:02:28.504Z","dateUpdated":"2024-02-15T18:02:28.889Z","folderId":null,"pageName":"Contact_1339515148","serverPageId":null,"sectionCount":1,"status":2,"backwardUrl":null},{"id":863810198,"title":"Resume","order":102,"templateKey":null,"customTemplate":false,"customTemplateFilename":null,"pageLinks":[],"dateCreated":"2024-02-15T18:07:51.523Z","dateUpdated":"2024-02-15T18:11:22.677Z","folderId":null,"pageName":"Resume_863810198","serverPageId":null,"sectionCount":2,"status":2,"backwardUrl":null},{"id":787510418,"title":"Page 1","order":103,"templateKey":null,"customTemplate":false,"customTemplateFilename":null,"pageLinks":[],"dateCreated":"2024-02-15T18:25:31.271Z","dateUpdated":"2024-02-15T18:27:10.953Z","folderId":null,"pageName":"Page 1_787510418","serverPageId":null,"sectionCount":8,"status":2,"backwardUrl":null}]